{"configs":[{"remarks":"US1","server":"us1.sgateway.link","server_port":706,"server_udp_port":0,"password":"socketpro","method":"rc4-md5","obfs":"plain","obfsparam":"","remarks_base64":"VVMx","group":"SocketPro","udp_over_tcp":false,"protocol":"auth_aes128_md5","protocolparam":"16797:heySWWGV2paT","enable":true},{"remarks":"US2","server":"us2.sgateway.link","server_port":706,"server_udp_port":0,"password":"socketpro","method":"rc4-md5","obfs":"plain","obfsparam":"","remarks_base64":"VVMy","group":"SocketPro","udp_over_tcp":false,"protocol":"auth_aes128_md5","protocolparam":"16797:heySWWGV2paT","enable":true},{"remarks":"US3","server":"us3.sgateway.link","server_port":706,"server_udp_port":0,"password":"socketpro","method":"rc4-md5","obfs":"plain","obfsparam":"","remarks_base64":"VVMz","group":"SocketPro","udp_over_tcp":false,"protocol":"auth_aes128_md5","protocolparam":"16797:heySWWGV2paT","enable":true},{"remarks":"US4","server":"us4.sgateway.link","server_port":706,"server_udp_port":0,"password":"socketpro","method":"rc4-md5","obfs":"plain","obfsparam":"","remarks_base64":"VVM0","group":"SocketPro","udp_over_tcp":false,"protocol":"auth_aes128_md5","protocolparam":"16797:heySWWGV2paT","enable":true},{"remarks":"US5","server":"us5.sgateway.link","server_port":706,"server_udp_port":0,"password":"socketpro","method":"rc4-md5","obfs":"plain","obfsparam":"","remarks_base64":"VVM1","group":"SocketPro","udp_over_tcp":false,"protocol":"auth_aes128_md5","protocolparam":"16797:heySWWGV2paT","enable":true},{"remarks":"HK1","server":"hk1.sgateway.link","server_port":706,"server_udp_port":0,"password":"socketpro","method":"rc4-md5","obfs":"plain","obfsparam":"","remarks_base64":"SEsx","group":"SocketPro","udp_over_tcp":false,"protocol":"auth_aes128_md5","protocolparam":"16797:heySWWGV2paT","enable":true},{"remarks":"HK2","server":"hk2.sgateway.link","server_port":706,"server_udp_port":0,"password":"socketpro","method":"rc4-md5","obfs":"plain","obfsparam":"","remarks_base64":"SEsy","group":"SocketPro","udp_over_tcp":false,"protocol":"auth_aes128_md5","protocolparam":"16797:heySWWGV2paT","enable":true},{"remarks":"HK3","server":"hk3.sgateway.link","server_port":706,"server_udp_port":0,"password":"socketpro","method":"rc4-md5","obfs":"plain","obfsparam":"","remarks_base64":"SEsz","group":"SocketPro","udp_over_tcp":false,"protocol":"auth_aes128_md5","protocolparam":"16797:heySWWGV2paT","enable":true},{"remarks":"HK4","server":"hk4.sgateway.link","server_port":706,"server_udp_port":0,"password":"socketpro","method":"rc4-md5","obfs":"plain","obfsparam":"","remarks_base64":"SEs0","group":"SocketPro","udp_over_tcp":false,"protocol":"auth_aes128_md5","protocolparam":"16797:heySWWGV2paT","enable":true},{"remarks":"HK5","server":"hk5.sgateway.link","server_port":706,"server_udp_port":0,"password":"socketpro","method":"rc4-md5","obfs":"plain","obfsparam":"","remarks_base64":"SEs1","group":"SocketPro","udp_over_tcp":false,"protocol":"auth_aes128_md5","protocolparam":"16797:heySWWGV2paT","enable":true},{"remarks":"HK6","server":"hk6.sgateway.link","server_port":706,"server_udp_port":0,"password":"socketpro","method":"rc4-md5","obfs":"plain","obfsparam":"","remarks_base64":"SEs2","group":"SocketPro","udp_over_tcp":false,"protocol":"auth_aes128_md5","protocolparam":"16797:heySWWGV2paT","enable":true},{"remarks":"RU1","server":"ru1.sgateway.link","server_port":706,"server_udp_port":0,"password":"socketpro","method":"rc4-md5","obfs":"plain","obfsparam":"","remarks_base64":"UlUx","group":"SocketPro","udp_over_tcp":false,"protocol":"auth_aes128_md5","protocolparam":"16797:heySWWGV2paT","enable":true},{"remarks":"RU2","server":"ru2.sgateway.link","server_port":706,"server_udp_port":0,"password":"socketpro","method":"rc4-md5","obfs":"plain","obfsparam":"","remarks_base64":"UlUy","group":"SocketPro","udp_over_tcp":false,"protocol":"auth_aes128_md5","protocolparam":"16797:heySWWGV2paT","enable":true},{"remarks":"RU3","server":"ru3.sgateway.link","server_port":706,"server_udp_port":0,"password":"socketpro","method":"rc4-md5","obfs":"plain","obfsparam":"","remarks_base64":"UlUz","group":"SocketPro","udp_over_tcp":false,"protocol":"auth_aes128_md5","protocolparam":"16797:heySWWGV2paT","enable":true},{"remarks":"RU4","server":"ru4.sgateway.link","server_port":706,"server_udp_port":0,"password":"socketpro","method":"rc4-md5","obfs":"plain","obfsparam":"","remarks_base64":"UlU0","group":"SocketPro","udp_over_tcp":false,"protocol":"auth_aes128_md5","protocolparam":"16797:heySWWGV2paT","enable":true},{"remarks":"RU5","server":"ru5.sgateway.link","server_port":706,"server_udp_port":0,"password":"socketpro","method":"rc4-md5","obfs":"plain","obfsparam":"","remarks_base64":"UlU1","group":"SocketPro","udp_over_tcp":false,"protocol":"auth_aes128_md5","protocolparam":"16797:heySWWGV2paT","enable":true},{"remarks":"UK1","server":"uk1.sgateway.link","server_port":706,"server_udp_port":0,"password":"socketpro","method":"rc4-md5","obfs":"plain","obfsparam":"","remarks_base64":"VUsx","group":"SocketPro","udp_over_tcp":false,"protocol":"auth_aes128_md5","protocolparam":"16797:heySWWGV2paT","enable":true},{"remarks":"UK2","server":"uk2.sgateway.link","server_port":706,"server_udp_port":0,"password":"socketpro","method":"rc4-md5","obfs":"plain","obfsparam":"","remarks_base64":"VUsy","group":"SocketPro","udp_over_tcp":false,"protocol":"auth_aes128_md5","protocolparam":"16797:heySWWGV2paT","enable":true},{"remarks":"UK3","server":"uk3.sgateway.link","server_port":706,"server_udp_port":0,"password":"socketpro","method":"rc4-md5","obfs":"plain","obfsparam":"","remarks_base64":"VUsz","group":"SocketPro","udp_over_tcp":false,"protocol":"auth_aes128_md5","protocolparam":"16797:heySWWGV2paT","enable":true},{"remarks":"KR1","server":"kr1.sgateway.link","server_port":706,"server_udp_port":0,"password":"socketpro","method":"rc4-md5","obfs":"plain","obfsparam":"","remarks_base64":"S1Ix","group":"SocketPro","udp_over_tcp":false,"protocol":"auth_aes128_md5","protocolparam":"16797:heySWWGV2paT","enable":true},{"remarks":"KR2","server":"kr2.sgateway.link","server_port":706,"server_udp_port":0,"password":"socketpro","method":"rc4-md5","obfs":"plain","obfsparam":"","remarks_base64":"S1Iy","group":"SocketPro","udp_over_tcp":false,"protocol":"auth_aes128_md5","protocolparam":"16797:heySWWGV2paT","enable":true},{"remarks":"PHK1","server":"phk1-server.sgateway.link","server_port":706,"server_udp_port":0,"password":"socketpro","method":"rc4-md5","obfs":"plain","obfsparam":"","remarks_base64":"UEhLMQ==","group":"SocketPro","udp_over_tcp":false,"protocol":"auth_aes128_md5","protocolparam":"16797:heySWWGV2paT","enable":true},{"remarks":"PHK2","server":"phk2-server.sgateway.link","server_port":706,"server_udp_port":0,"password":"socketpro","method":"rc4-md5","obfs":"plain","obfsparam":"","remarks_base64":"UEhLMg==","group":"SocketPro","udp_over_tcp":false,"protocol":"auth_aes128_md5","protocolparam":"16797:heySWWGV2paT","enable":true},{"remarks":"PHK3","server":"phk3-server.sgateway.link","server_port":706,"server_udp_port":0,"password":"socketpro","method":"rc4-md5","obfs":"plain","obfsparam":"","remarks_base64":"UEhLMw==","group":"SocketPro","udp_over_tcp":false,"protocol":"auth_aes128_md5","protocolparam":"16797:heySWWGV2paT","enable":true},{"remarks":"PHK4","server":"phk4-server.sgateway.link","server_port":706,"server_udp_port":0,"password":"socketpro","method":"rc4-md5","obfs":"plain","obfsparam":"","remarks_base64":"UEhLNA==","group":"SocketPro","udp_over_tcp":false,"protocol":"auth_aes128_md5","protocolparam":"16797:heySWWGV2paT","enable":true},{"remarks":"PHK5","server":"phk5-server.sgateway.link","server_port":706,"server_udp_port":0,"password":"socketpro","method":"rc4-md5","obfs":"plain","obfsparam":"","remarks_base64":"UEhLNQ==","group":"SocketPro","udp_over_tcp":false,"protocol":"auth_aes128_md5","protocolparam":"16797:heySWWGV2paT","enable":true},{"remarks":"PHK6","server":"phk6-server.sgateway.link","server_port":706,"server_udp_port":0,"password":"socketpro","method":"rc4-md5","obfs":"plain","obfsparam":"","remarks_base64":"UEhLNg==","group":"SocketPro","udp_over_tcp":false,"protocol":"auth_aes128_md5","protocolparam":"16797:heySWWGV2paT","enable":true},{"remarks":"PHK7","server":"phk7-server.sgateway.link","server_port":706,"server_udp_port":0,"password":"socketpro","method":"rc4-md5","obfs":"plain","obfsparam":"","remarks_base64":"UEhLNw==","group":"SocketPro","udp_over_tcp":false,"protocol":"auth_aes128_md5","protocolparam":"16797:heySWWGV2paT","enable":true},{"remarks":"PHK8","server":"phk8-server.sgateway.link","server_port":706,"server_udp_port":0,"password":"socketpro","method":"rc4-md5","obfs":"plain","obfsparam":"","remarks_base64":"UEhLOA==","group":"SocketPro","udp_over_tcp":false,"protocol":"auth_aes128_md5","protocolparam":"16797:heySWWGV2paT","enable":true},{"remarks":"PHK9","server":"phk9-server.sgateway.link","server_port":706,"server_udp_port":0,"password":"socketpro","method":"rc4-md5","obfs":"plain","obfsparam":"","remarks_base64":"UEhLOQ==","group":"SocketPro","udp_over_tcp":false,"protocol":"auth_aes128_md5","protocolparam":"16797:heySWWGV2paT","enable":true},{"remarks":"PHK10","server":"phk10-server.sgateway.link","server_port":706,"server_udp_port":0,"password":"socketpro","method":"rc4-md5","obfs":"plain","obfsparam":"","remarks_base64":"UEhLMTA=","group":"SocketPro","udp_over_tcp":false,"protocol":"auth_aes128_md5","protocolparam":"16797:heySWWGV2paT","enable":true},{"remarks":"PHK11","server":"phk11-server.sgateway.link","server_port":706,"server_udp_port":0,"password":"socketpro","method":"rc4-md5","obfs":"plain","obfsparam":"","remarks_base64":"UEhLMTE=","group":"SocketPro","udp_over_tcp":false,"protocol":"auth_aes128_md5","protocolparam":"16797:heySWWGV2paT","enable":true},{"remarks":"PTW1","server":"ptw1-server.sgateway.link","server_port":706,"server_udp_port":0,"password":"socketpro","method":"rc4-md5","obfs":"plain","obfsparam":"","remarks_base64":"UFRXMQ==","group":"SocketPro","udp_over_tcp":false,"protocol":"auth_aes128_md5","protocolparam":"16797:heySWWGV2paT","enable":true},{"remarks":"PTW2","server":"ptw2-server.sgateway.link","server_port":706,"server_udp_port":0,"password":"socketpro","method":"rc4-md5","obfs":"plain","obfsparam":"","remarks_base64":"UFRXMg==","group":"SocketPro","udp_over_tcp":false,"protocol":"auth_aes128_md5","protocolparam":"16797:heySWWGV2paT","enable":true},{"remarks":"PTW3","server":"ptw3-server.sgateway.link","server_port":706,"server_udp_port":0,"password":"socketpro","method":"rc4-md5","obfs":"plain","obfsparam":"","remarks_base64":"UFRXMw==","group":"SocketPro","udp_over_tcp":false,"protocol":"auth_aes128_md5","protocolparam":"16797:heySWWGV2paT","enable":true},{"remarks":"PTW4","server":"ptw4-server.sgateway.link","server_port":706,"server_udp_port":0,"password":"socketpro","method":"rc4-md5","obfs":"plain","obfsparam":"","remarks_base64":"UFRXNA==","group":"SocketPro","udp_over_tcp":false,"protocol":"auth_aes128_md5","protocolparam":"16797:heySWWGV2paT","enable":true},{"remarks":"PSG1","server":"psg1-server.sgateway.link","server_port":706,"server_udp_port":0,"password":"socketpro","method":"rc4-md5","obfs":"plain","obfsparam":"","remarks_base64":"UFNHMQ==","group":"SocketPro","udp_over_tcp":false,"protocol":"auth_aes128_md5","protocolparam":"16797:heySWWGV2paT","enable":true},{"remarks":"PJP1","server":"pjp1-server.sgateway.link","server_port":706,"server_udp_port":0,"password":"socketpro","method":"rc4-md5","obfs":"plain","obfsparam":"","remarks_base64":"UEpQMQ==","group":"SocketPro","udp_over_tcp":false,"protocol":"auth_aes128_md5","protocolparam":"16797:heySWWGV2paT","enable":true},{"remarks":"PJP2","server":"pjp2-server.sgateway.link","server_port":706,"server_udp_port":0,"password":"socketpro","method":"rc4-md5","obfs":"plain","obfsparam":"","remarks_base64":"UEpQMg==","group":"SocketPro","udp_over_tcp":false,"protocol":"auth_aes128_md5","protocolparam":"16797:heySWWGV2paT","enable":true},{"remarks":"PJP3","server":"pjp3-server.sgateway.link","server_port":706,"server_udp_port":0,"password":"socketpro","method":"rc4-md5","obfs":"plain","obfsparam":"","remarks_base64":"UEpQMw==","group":"SocketPro","udp_over_tcp":false,"protocol":"auth_aes128_md5","protocolparam":"16797:heySWWGV2paT","enable":true},{"remarks":"PJP4","server":"pjp4-server.sgateway.link","server_port":706,"server_udp_port":0,"password":"socketpro","method":"rc4-md5","obfs":"plain","obfsparam":"","remarks_base64":"UEpQNA==","group":"SocketPro","udp_over_tcp":false,"protocol":"auth_aes128_md5","protocolparam":"16797:heySWWGV2paT","enable":true},{"remarks":"PJP5","server":"pjp5-server.sgateway.link","server_port":706,"server_udp_port":0,"password":"socketpro","method":"rc4-md5","obfs":"plain","obfsparam":"","remarks_base64":"UEpQNQ==","group":"SocketPro","udp_over_tcp":false,"protocol":"auth_aes128_md5","protocolparam":"16797:heySWWGV2paT","enable":true},{"remarks":"PJP6","server":"pjp6-server.sgateway.link","server_port":706,"server_udp_port":0,"password":"socketpro","method":"rc4-md5","obfs":"plain","obfsparam":"","remarks_base64":"UEpQNg==","group":"SocketPro","udp_over_tcp":false,"protocol":"auth_aes128_md5","protocolparam":"16797:heySWWGV2paT","enable":true},{"remarks":"PMO1","server":"pmo1-server.sgateway.link","server_port":706,"server_udp_port":0,"password":"socketpro","method":"rc4-md5","obfs":"plain","obfsparam":"","remarks_base64":"UE1PMQ==","group":"SocketPro","udp_over_tcp":false,"protocol":"auth_aes128_md5","protocolparam":"16797:heySWWGV2paT","enable":true},{"remarks":"PMO2","server":"pmo2-server.sgateway.link","server_port":706,"server_udp_port":0,"password":"socketpro","method":"rc4-md5","obfs":"plain","obfsparam":"","remarks_base64":"UE1PMg==","group":"SocketPro","udp_over_tcp":false,"protocol":"auth_aes128_md5","protocolparam":"16797:heySWWGV2paT","enable":true},{"remarks":"PMO3","server":"pmo3-server.sgateway.link","server_port":706,"server_udp_port":0,"password":"socketpro","method":"rc4-md5","obfs":"plain","obfsparam":"","remarks_base64":"UE1PMw==","group":"SocketPro","udp_over_tcp":false,"protocol":"auth_aes128_md5","protocolparam":"16797:heySWWGV2paT","enable":true},{"remarks":"PKR1","server":"pkr1-server.sgateway.link","server_port":706,"server_udp_port":0,"password":"socketpro","method":"rc4-md5","obfs":"plain","obfsparam":"","remarks_base64":"UEtSMQ==","group":"SocketPro","udp_over_tcp":false,"protocol":"auth_aes128_md5","protocolparam":"16797:heySWWGV2paT","enable":true},{"remarks":"PKR2","server":"pkr2-server.sgateway.link","server_port":706,"server_udp_port":0,"password":"socketpro","method":"rc4-md5","obfs":"plain","obfsparam":"","remarks_base64":"UEtSMg==","group":"SocketPro","udp_over_tcp":false,"protocol":"auth_aes128_md5","protocolparam":"16797:heySWWGV2paT","enable":true},{"remarks":"PKR3","server":"pkr3-server.sgateway.link","server_port":706,"server_udp_port":0,"password":"socketpro","method":"rc4-md5","obfs":"plain","obfsparam":"","remarks_base64":"UEtSMw==","group":"SocketPro","udp_over_tcp":false,"protocol":"auth_aes128_md5","protocolparam":"16797:heySWWGV2paT","enable":true},{"remarks":"PUK1","server":"puk1-server.sgateway.link","server_port":706,"server_udp_port":0,"password":"socketpro","method":"rc4-md5","obfs":"plain","obfsparam":"","remarks_base64":"UFVLMQ==","group":"SocketPro","udp_over_tcp":false,"protocol":"auth_aes128_md5","protocolparam":"16797:heySWWGV2paT","enable":true},{"remarks":"PRU1","server":"pru1-server.sgateway.link","server_port":706,"server_udp_port":0,"password":"socketpro","method":"rc4-md5","obfs":"plain","obfsparam":"","remarks_base64":"UFJVMQ==","group":"SocketPro","udp_over_tcp":false,"protocol":"auth_aes128_md5","protocolparam":"16797:heySWWGV2paT","enable":true},{"remarks":"PRU2","server":"pru2-server.sgateway.link","server_port":706,"server_udp_port":0,"password":"socketpro","method":"rc4-md5","obfs":"plain","obfsparam":"","remarks_base64":"UFJVMg==","group":"SocketPro","udp_over_tcp":false,"protocol":"auth_aes128_md5","protocolparam":"16797:heySWWGV2paT","enable":true},{"remarks":"PRU3","server":"pru3-server.sgateway.link","server_port":706,"server_udp_port":0,"password":"socketpro","method":"rc4-md5","obfs":"plain","obfsparam":"","remarks_base64":"UFJVMw==","group":"SocketPro","udp_over_tcp":false,"protocol":"auth_aes128_md5","protocolparam":"16797:heySWWGV2paT","enable":true},{"remarks":"PRU4","server":"pru4-server.sgateway.link","server_port":706,"server_udp_port":0,"password":"socketpro","method":"rc4-md5","obfs":"plain","obfsparam":"","remarks_base64":"UFJVNA==","group":"SocketPro","udp_over_tcp":false,"protocol":"auth_aes128_md5","protocolparam":"16797:heySWWGV2paT","enable":true},{"remarks":"PRU5","server":"pru5-server.sgateway.link","server_port":706,"server_udp_port":0,"password":"socketpro","method":"rc4-md5","obfs":"plain","obfsparam":"","remarks_base64":"UFJVNQ==","group":"SocketPro","udp_over_tcp":false,"protocol":"auth_aes128_md5","protocolparam":"16797:heySWWGV2paT","enable":true},{"remarks":"PUS1","server":"pus1-server.sgateway.link","server_port":706,"server_udp_port":0,"password":"socketpro","method":"rc4-md5","obfs":"plain","obfsparam":"","remarks_base64":"UFVTMQ==","group":"SocketPro","udp_over_tcp":false,"protocol":"auth_aes128_md5","protocolparam":"16797:heySWWGV2paT","enable":true},{"remarks":"PUS2","server":"pus2-server.sgateway.link","server_port":706,"server_udp_port":0,"password":"socketpro","method":"rc4-md5","obfs":"plain","obfsparam":"","remarks_base64":"UFVTMg==","group":"SocketPro","udp_over_tcp":false,"protocol":"auth_aes128_md5","protocolparam":"16797:heySWWGV2paT","enable":true},{"remarks":"PUS3","server":"pus3-server.sgateway.link","server_port":706,"server_udp_port":0,"password":"socketpro","method":"rc4-md5","obfs":"plain","obfsparam":"","remarks_base64":"UFVTMw==","group":"SocketPro","udp_over_tcp":false,"protocol":"auth_aes128_md5","protocolparam":"16797:heySWWGV2paT","enable":true},{"remarks":"PUS4","server":"pus4-server.sgateway.link","server_port":706,"server_udp_port":0,"password":"socketpro","method":"rc4-md5","obfs":"plain","obfsparam":"","remarks_base64":"UFVTNA==","group":"SocketPro","udp_over_tcp":false,"protocol":"auth_aes128_md5","protocolparam":"16797:heySWWGV2paT","enable":true},{"remarks":"PUS5","server":"pus5-server.sgateway.link","server_port":706,"server_udp_port":0,"password":"socketpro","method":"rc4-md5","obfs":"plain","obfsparam":"","remarks_base64":"UFVTNQ==","group":"SocketPro","udp_over_tcp":false,"protocol":"auth_aes128_md5","protocolparam":"16797:heySWWGV2paT","enable":true}],"index":22,"random":false,"sysProxyMode":2,"global":false,"enabled":true,"shareOverLan":false,"isDefault":false,"bypassWhiteList":true,"localport":1080,"reconnectTimes":3,"randomAlgorithm":3,"randomInGroup":false,"TTL":30,"connect_timeout":10,"proxyRuleMode":2,"proxyEnable":false,"pacDirectGoProxy":false,"proxyType":0,"proxyHost":"","proxyPort":0,"proxyAuthUser":"","proxyAuthPass":"","authUser":"","authPass":"","autoBan":false,"sameHostForSameTarget":true,"keepVisitTime":180,"isHideTips":true,"nodeFeedGroup":null,"nodeFeedAutoUpdate":true,"serverSubscribes":[{"URL":"https:\/\/v1.socketproep.com\/api\/server\/subscription?id=221867&token=UOY1G0QSkgap3XaE","Group":null}],"token":[],"portMap":[],"version":"1.0.4","updateFileUrl":"","keep_logged_in":true,"use_tcp_dns_lookup":true}